"Response ID","Date submitted","Last page","Start language","Token","Age:","Gender:","Gender: [Other]","Education (indicate the highest level of schooling you have completed):","Profession:","I consider myself a 'mechanically inclined' person []","On the next page you will be shown a video of a robot performing a task. Under the video will be two buttons: a red emergency STOP button and a yellow INTERVENE button. If you were interacting with the robot and wanted to disable/stop the robot press the STOP button. If instead you wanted to simply help the robot complete its task press the INTERVENE button. Regardless, please watch the video to its completion before going to the next page.  Please Do Not refresh the page, even if video is loading slowly.  Click ""I understand"" below to continue.","             Thank you for watching.     STOP!      Intervene                      [][VidNum]","             Thank you for watching.     STOP!      Intervene                      [][VidDuration]","             Thank you for watching.     STOP!      Intervene                      [][TIme Stop Pressed]","             Thank you for watching.     STOP!      Intervene                      [][Time Intervene Pressed]","             Thank you for watching.     STOP!      Intervene                      [][Percentage of Video Where Stopped Pressed]","             Thank you for watching.     STOP!      Intervene                      [][Percentage of Video Where Intervene Pressed]","             Thank you for watching.     STOP!      Intervene                      [][VidDone]","Please read and rate each of the following statements on a scale of 1 to 7. [I would have used the emergency stop button to prevent the robot from failing.]","Please read and rate each of the following statements on a scale of 1 to 7. [I could have used something other than the emergency stop button to prevent this failure from happening.]","Please read and rate each of the following statements on a scale of 1 to 7. [I would have intervened to prevent the failure.]","Please read and rate each of the following statements on a scale of 1 to 7. [I could tell the robot was going to fail before it did.]","Please read and rate each of the following statements on a scale of 1 to 7. [This failure seemed preventable.]","Please read and rate each of the following statements on a scale of 1 to 7. [The emergency stop was necessary to prevent the failure from happening.]","Please read and rate each of the following statements on a scale of 1 to 7. [If I were the person in the video, I could carry on the task without the robot after it failed.]","Please read and rate each of the following statements on a scale of 1 to 7. [If I were the person in the video, I would abandon the task altogether after the robot failed.]","Please read and rate each of the following statements on a scale of 1 to 7. [I would be willing to help the robot in this situation.]","Please read and rate each of the following statements on a scale of 1 to 7. [Despite its failure, the robot was helpful in this task overall.]","Please read and rate each of the following statements on a scale of 1 to 7. [The task could not have been done without the robot.]","Please read and rate each of the following statements on a scale of 1 to 7. [The task would have been easier to complete without the robot.]","Please read and rate each of the following statements on a scale of 1 to 7. [The robot's failure was severe.]","Please read and rate each of the following statements on a scale of 1 to 7. [If I was a bystander standing 20 feet away from this robot when it failed, I would have felt unsafe.]","Please read and rate each of the following statements on a scale of 1 to 7. [If I had been standing 10 feet away from this robot when it failed, I would have felt unsafe.]","Please read and rate each of the following statements on a scale of 1 to 7. [If I had been standing 3 feet away from this robot when it failed, I would have felt unsafe.]","Please read and rate each of the following statements on a scale of 1 to 7. [I am upset with the robot.]","Please read and rate each of the following statements on a scale of 1 to 7. [The robot is fixable by an expert.]","Please read and rate each of the following statements on a scale of 1 to 7. [To proceed to the next page answer 1 for this question]","Please read and rate each of the following statements on a scale of 1 to 7. [To procceed to the next page answer 3 for this question]","Please read and rate each of the following statements on a scale of 1 to 7. [To proceed to the next page answer 6 for this question]","Please read and rate each of the following statements on a scale of 1 to 7. [I would have used the emergency stop button to prevent the robot from failing.]","Please read and rate each of the following statements on a scale of 1 to 7. [I could have used something other than the emergency stop button to prevent this failure from happening.]","Please read and rate each of the following statements on a scale of 1 to 7. [I would have intervened to prevent the failure.]","Please read and rate each of the following statements on a scale of 1 to 7. [I could tell the robot was going to fail before it did.]","Please read and rate each of the following statements on a scale of 1 to 7. [This failure seemed preventable.]","Please read and rate each of the following statements on a scale of 1 to 7. [The emergency stop was necessary to prevent the failure from happening.]","Please read and rate each of the following statements on a scale of 1 to 7. [I would be willing to help the robot in this situation.]","Please read and rate each of the following statements on a scale of 1 to 7. [The task could not have been done without the robot.]","Please read and rate each of the following statements on a scale of 1 to 7. [The task would have been easier to complete without the robot.]","Please read and rate each of the following statements on a scale of 1 to 7. [The robot's failure was severe.]","Please read and rate each of the following statements on a scale of 1 to 7. [If I was a bystander standing 20 feet away from this robot when it failed, I would have felt unsafe.]","Please read and rate each of the following statements on a scale of 1 to 7. [If I had been standing 10 feet away from this robot when it failed, I would have felt unsafe.]","Please read and rate each of the following statements on a scale of 1 to 7. [If I had been standing 3 feet away from this robot when it failed, I would have felt unsafe.]","Please read and rate each of the following statements on a scale of 1 to 7. [I am upset with the robot.]","Please read and rate each of the following statements on a scale of 1 to 7. [The robot is fixable by an expert.]","Please read and rate each of the following statements on a scale of 1 to 7. [To proceed to the next page answer 2 for this question]","Please read and rate each of the following statements on a scale of 1 to 7. [To proceed to the next page answer 4 for this question]","Please read and rate each of the following statements on a scale of 1 to 7. [To proceed to the next page answer 5 for this question]","Please rate the following items on a scale from 1 to 7 (1 being low and 7 being high) [Your Level Of Confidence In The Robot Before The Failure Took Place]","Please rate the following items on a scale from 1 to 7 (1 being low and 7 being high) [Damage done by robot]","Please rate the following items on a scale from 1 to 7 (1 being low and 7 being high) [Your level of confidence in the robot after the failure took place]","What happened before the failure that helped you see it coming?","What intervention does the robot need from you to get back to work?","Total time","Group time: Demographics","Question time: age","Question time: gender","Question time: education","Question time: profession","Question time: skill","Group time: videoexplanation","Question time: explanation","Group time: video","Question time: video","Group time: Video Question Page 1","Question time: scale","Question time: scalenohuman","Group time: Video Question Page 2","Question time: rate","Question time: predictresp","Question time: intervention"
"2","1980-01-01 00:00:00","5","en","YFYu~l4B63R4kBW","45-54","Female","","Bachelor's degree","bank teller","Neutral3","I understand","33","31","-1","21.329993961853027","-1","0.692509787404728","1","","","","","","","","","","","","","","","","","","","","","","Disagree2","SomewhatAgree5","Agree6","StronglyDisagree1","Neutral4","StronglyDisagree1","StronglyAgree7","StronglyDisagree1","SomewhatAgree5","StronglyDisagree1","StronglyDisagree1","StronglyDisagree1","StronglyDisagree1","StronglyDisagree1","StronglyAgree7","Disagree2","Neutral4","SomewhatAgree5","SomewhatHigh5","VeryLow1","Neutral4","","The robot seemed to be struggling in the beginning and unable to do what it wanted to do. This seemed to go on for about 15 seconds before the robot finally placed something in the bag. I pressed the intervene button because I thought it could accomplish its task more quickly if I helped.","311.78","21.44","","","","","","28.44","","40.76","","119.47","","","101.67","","",""
"3","1980-01-01 00:00:00","5","en","kSW1S_b62zBnIue","25-34","Female","","High school diploma or the equivalent (for example: GED)","Self employed","StronglyAgree5","I understand","23","22","-1","-1","-1","-1","1","","","","","","","","","","","","","","","","","","","","","","StronglyDisagree1","StronglyDisagree1","StronglyDisagree1","Neutral4","StronglyAgree7","StronglyDisagree1","StronglyDisagree1","StronglyDisagree1","StronglyAgree7","StronglyDisagree1","StronglyDisagree1","StronglyDisagree1","StronglyDisagree1","StronglyDisagree1","StronglyAgree7","Disagree2","Neutral4","SomewhatAgree5","VeryLow1","VeryLow1","VeryLow1","The arms weren't right","Probably a complete overhaul by the designers","183.7","16.83","","","","","","3.91","","30.21","","94.11","","","38.64","","",""
"4","1980-01-01 00:00:00","5","en","_gtREz~Ad7VwB4M","35-44","Male","","High school diploma or the equivalent (for example: GED)","assembly","Agree4","I understand","13","10","-1","9.129363179290772","-1","0.9815464121374876","1","Disagree2","Agree6","Agree6","SomewhatDisagree3","Agree6","Disagree2","StronglyAgree7","StronglyDisagree1","Agree6","Agree6","StronglyDisagree1","StronglyAgree7","StronglyDisagree1","Disagree2","SomewhatDisagree3","SomewhatAgree5","StronglyDisagree1","StronglyAgree7","StronglyDisagree1","SomewhatDisagree3","Agree6","","","","","","","","","","","","","","","","","","","SomewhatHigh5","Low2","Neutral4","","just needed an intervention to save the box","305.99","31.58","","","","","","49.44","","38.35","","131.99","","","54.63","","",""
"5","","4","en","sEtDfAKpnel25tK","25-34","Male","","Master's degree","real estate agent","Neutral3","I understand","12","20","-1","17.61543696948242","-1","0.9155156680776686","1","","","","","","","","","","","","","","","","","","","","","","Agree6","SomewhatAgree5","Agree6","Neutral4","Neutral4","Neutral4","Agree6","SomewhatAgree5","Neutral4","SomewhatDisagree3","Disagree2","SomewhatDisagree3","Neutral4","Disagree2","Agree6","Disagree2","Neutral4","SomewhatAgree5","","","","","","235.9","26.09","","","","","","61.26","","42.84","","105.71","","","","","",""
"6","1980-01-01 00:00:00","5","en","P1foEQWTwSW6Rsl","35-44","Female","","Master's degree","Information Technology","Neutral3","I understand","9","22","-1","20.34398901335144","-1","0.9497217222982792","1","","","","","","","","","","","","","","","","","","","","","","StronglyDisagree1","Agree6","Agree6","Agree6","SomewhatAgree5","StronglyDisagree1","Agree6","Disagree2","Agree6","Disagree2","StronglyDisagree1","StronglyDisagree1","Disagree2","StronglyDisagree1","Agree6","Disagree2","Neutral4","SomewhatAgree5","SomewhatLow3","SomewhatLow3","Low2","It seemed unable to grasp the objects","A better grasp on the objects. Better design of the hands.","1650.14","24.74","","","","","","610.03","","678.15","","299.82","","","37.4","","",""
"7","1980-01-01 00:00:00","5","en","VlK0jPp6O1PI7FQ","35-44","Female","","Bachelor's degree","administrative assistant ","Disagree2","I understand","18","19","17.862062","-1","0.9470368485234082","-1","1","","","","","","","","","","","","","","","","","","","","","","Agree6","SomewhatAgree5","Agree6","SomewhatAgree5","Agree6","Agree6","Agree6","Disagree2","SomewhatAgree5","Disagree2","Disagree2","SomewhatDisagree3","Agree6","SomewhatAgree5","Agree6","Disagree2","Neutral4","SomewhatAgree5","High6","Low2","SomewhatHigh5","It was getting close to the stack, and I worried it might get knocked over. ","Obstacles should be cleared in advance. ","199.89","23.74","","","","","","5.54","","33.34","","92.13","","","45.14","","",""
"8","1980-01-01 00:00:00","5","en","u1NV3j4Q_IxV95C","25-34","Male","","High school diploma or the equivalent (for example: GED)","Construction","Agree4","I understand","26","13","12.041","-1","1","-1","1","","","","","","","","","","","","","","","","","","","","","","SomewhatAgree5","Neutral4","Neutral4","Neutral4","SomewhatAgree5","Neutral4","Agree6","Neutral4","Neutral4","Disagree2","Neutral4","SomewhatDisagree3","SomewhatDisagree3","Disagree2","SomewhatAgree5","Disagree2","Neutral4","SomewhatAgree5","Neutral4","Neutral4","Neutral4","Posture and handling were questionable","Support and guidance","317.27","25.24","","","","","","62.14","","30.63","","148.5","","","50.76","","",""
"9","1980-01-01 00:00:00","5","en","MKs2YvUjFITvkGM","35-44","Male","","Associate degree","mEDICAL bILLER","StronglyAgree5","I understand","3","12","-1","-1","-1","-1","1","","","","","","","","","","","","","","","","","","","","","","SomewhatAgree5","SomewhatAgree5","Neutral4","StronglyDisagree1","SomewhatAgree5","Disagree2","Agree6","Agree6","StronglyAgree7","StronglyDisagree1","StronglyDisagree1","StronglyDisagree1","StronglyDisagree1","StronglyDisagree1","SomewhatAgree5","Disagree2","Neutral4","SomewhatAgree5","SomewhatHigh5","VeryLow1","Neutral4","","The box needs to be secured","163.23","20.62","","","","","","6.97","","19.21","","81.96","","","34.47","","",""
"10","1980-01-01 00:00:00","5","en","IeyldWST9JaN6bU","35-44","Female","","Bachelor's degree","homemaker","Neutral3","I understand","5","20","-1","-1","-1","-1","1","","","","","","","","","","","","","","","","","","","","","","StronglyDisagree1","Disagree2","StronglyDisagree1","Disagree2","SomewhatAgree5","Disagree2","Neutral4","StronglyDisagree1","StronglyAgree7","SomewhatDisagree3","Disagree2","Disagree2","Disagree2","StronglyDisagree1","Agree6","Disagree2","Neutral4","SomewhatAgree5","SomewhatHigh5","SomewhatHigh5","Neutral4","","Needs to be reset to correct position","178.92","28.76","","","","","","18.54","","31.78","","61.79","","","38.05","","",""
"11","1980-01-01 00:00:00","5","en","nmDrms4~xDxxQtD","25-34","Male","","Associate degree","Electrician","Agree4","I understand","30","15","-1","13.181370822297119","-1","0.8955414911561053","1","","","","","","","","","","","","","","","","","","","","","","Agree6","SomewhatDisagree3","SomewhatAgree5","Disagree2","Agree6","Agree6","Agree6","StronglyDisagree1","Agree6","StronglyDisagree1","Disagree2","StronglyDisagree1","Disagree2","Disagree2","StronglyAgree7","Disagree2","Neutral4","SomewhatAgree5","High6","VeryLow1","SomewhatLow3","","I need to put the container back on the table.","329.04","22.38","","","","","","35.31","","47.55","","180.65","","","43.15","","",""
"12","1980-01-01 00:00:00","5","en","HJ68FVmh3aWI8_5","25-34","Male","","High school diploma or the equivalent (for example: GED)","retail","Neutral3","I understand","16","21","-1","20.604139979019166","-1","1.006061234556833","1","SomewhatDisagree3","SomewhatAgree5","Agree6","Neutral4","SomewhatAgree5","SomewhatDisagree3","Neutral4","Neutral4","SomewhatDisagree3","SomewhatAgree5","Disagree2","Neutral4","SomewhatAgree5","Neutral4","Neutral4","Neutral4","Neutral4","Neutral4","StronglyDisagree1","SomewhatDisagree3","Agree6","","","","","","","","","","","","","","","","","","","SomewhatHigh5","SomewhatLow3","SomewhatLow3","nothing helped me see it coming","to save the glasses from falling off the table","234.37","16.26","","","","","","22.11","","41.93","","100.16","","","53.91","","",""
"13","1980-01-01 00:00:00","5","en","BKwaAzz9YeOxit7","25-34","Male","","Associate degree","firefighter","Neutral3","I understand","31","19","17.65150401525879","-1","0.9656202583436105","-1","1","Agree6","SomewhatDisagree3","Agree6","SomewhatDisagree3","SomewhatAgree5","Agree6","SomewhatAgree5","SomewhatDisagree3","SomewhatAgree5","SomewhatDisagree3","Disagree2","Agree6","SomewhatAgree5","StronglyDisagree1","Disagree2","SomewhatDisagree3","SomewhatDisagree3","Agree6","StronglyDisagree1","SomewhatDisagree3","Agree6","","","","","","","","","","","","","","","","","","","SomewhatHigh5","SomewhatLow3","SomewhatLow3","","Needed me to recover the bag and place it back on the table.  Plus it needs to learn to control it's arm swinging.","197.11","14.96","","","","","","16.58","","36.01","","85.81","","","43.75","","",""
"14","1980-01-01 00:00:00","5","en","mqL8~KASdehj49h","25-34","Female","","High school diploma or the equivalent (for example: GED)","tutor","Agree4","I understand","34","24","-1","-1","-1","-1","1","SomewhatAgree5","SomewhatDisagree3","SomewhatAgree5","SomewhatDisagree3","Agree6","Agree6","Agree6","Neutral4","Agree6","SomewhatAgree5","Disagree2","Agree6","Disagree2","Neutral4","SomewhatAgree5","SomewhatAgree5","StronglyDisagree1","Agree6","StronglyDisagree1","SomewhatDisagree3","Agree6","","","","","","","","","","","","","","","","","","","SomewhatHigh5","Low2","Neutral4","","It needs to be reprogrammed not to throw the bag on the floor","263.71","19.74","","","","","","18.47","","32.99","","137.51","","","55","","",""
"15","1980-01-01 00:00:00","5","en","ORoQ3WYdHIOeNjB","18-24","Male","","Bachelor's degree","Self employed","Neutral3","I understand","35","20","18.674874102996828","-1","0.9586198913298509","-1","1","","","","","","","","","","","","","","","","","","","","","","SomewhatAgree5","Neutral4","Neutral4","SomewhatDisagree3","Neutral4","Neutral4","Neutral4","SomewhatDisagree3","Neutral4","Neutral4","SomewhatDisagree3","SomewhatDisagree3","SomewhatDisagree3","SomewhatDisagree3","Neutral4","Disagree2","Neutral4","SomewhatAgree5","SomewhatHigh5","Neutral4","Neutral4","","Putting the bag back onto the table.","153.69","19.21","","","","","","15.76","","28.58","","69.99","","","20.15","","",""
"16","1980-01-01 00:00:00","5","en","FsHr_9Xf5o4byfu","25-34","Male","","Master's degree","Accountant ","Agree4","I understand","1","10","-1","8.231005127792358","-1","0.8573070646591352","1","Disagree2","Disagree2","Agree6","SomewhatDisagree3","Disagree2","Neutral4","SomewhatAgree5","SomewhatDisagree3","SomewhatDisagree3","Disagree2","Neutral4","SomewhatDisagree3","SomewhatDisagree3","SomewhatDisagree3","Neutral4","Neutral4","SomewhatAgree5","Disagree2","StronglyDisagree1","SomewhatDisagree3","Agree6","","","","","","","","","","","","","","","","","","","Neutral4","SomewhatHigh5","SomewhatHigh5","","The robot has to hold thing correctly with out dropping things the first time.","181.66","18.96","","","","","","5.99","","26.98","","95.3","","","34.43","","",""
"17","1980-01-01 00:00:00","5","en","nCJY0P823FmVYbm","18-24","Female","","High school diploma or the equivalent (for example: GED)","server","Neutral3","I understand","11","20","-1","-1","-1","-1","1","","","","","","","","","","","","","","","","","","","","","","Neutral4","Neutral4","Neutral4","Neutral4","Neutral4","Neutral4","Neutral4","Neutral4","Neutral4","Neutral4","Neutral4","Neutral4","Neutral4","StronglyDisagree1","Neutral4","Disagree2","Neutral4","SomewhatAgree5","Neutral4","Low2","SomewhatLow3","The robot was acting careless.","An adjustment in the robots hardware","346.79","46.26","","","","","","5.72","","119.34","","81.99","","","93.48","","",""
"18","1980-01-01 00:00:00","5","en","FjlyO72u33xlyE2","35-44","Male","","High school diploma or the equivalent (for example: GED)","unemployed ","Agree4","I understand","19","9","-1","-1","-1","-1","1","Disagree2","SomewhatAgree5","SomewhatAgree5","SomewhatAgree5","SomewhatAgree5","SomewhatDisagree3","Disagree2","SomewhatAgree5","SomewhatDisagree3","SomewhatDisagree3","Neutral4","SomewhatDisagree3","Disagree2","SomewhatAgree5","SomewhatAgree5","SomewhatAgree5","SomewhatDisagree3","SomewhatAgree5","StronglyDisagree1","SomewhatDisagree3","Agree6","","","","","","","","","","","","","","","","","","","SomewhatHigh5","SomewhatHigh5","SomewhatLow3","arm didn't lift up high enough to clear the box ","fix the arm movement ","304.34","23.91","","","","","","4.06","","21.72","","57.16","","","197.49","","",""
"19","1980-01-01 00:00:00","5","en","tmrI_YamlPUi7ZW","25-34","Male","","High school diploma or the equivalent (for example: GED)","Software Developer","Agree4","I understand","20","9","-1","6.285401965667725","-1","0.7077358366926838","1","","","","","","","","","","","","","","","","","","","","","","SomewhatDisagree3","Agree6","Agree6","Disagree2","StronglyAgree7","Agree6","StronglyAgree7","StronglyAgree7","StronglyAgree7","Agree6","StronglyDisagree1","Disagree2","SomewhatAgree5","StronglyDisagree1","Agree6","Disagree2","Neutral4","SomewhatAgree5","SomewhatLow3","SomewhatHigh5","Low2","","The Robot need my assistance to help steady the weight of the box he was putting the item into.  There wasn't enough support there and it showed when it fell over.","201.18","15.54","","","","","","24.62","","18.13","","85.75","","","57.14","","",""
"20","1980-01-01 00:00:00","5","en","JjAtH96SZYMe4BE","25-34","Female","","Associate degree","sales","Agree4","I understand","28","19","17.566854198364258","-1","0.9404129396651683","-1","1","Agree6","Disagree2","Agree6","SomewhatAgree5","Neutral4","Agree6","Neutral4","StronglyDisagree1","SomewhatAgree5","Agree6","StronglyAgree7","Agree6","Disagree2","SomewhatAgree5","Neutral4","SomewhatAgree5","StronglyDisagree1","SomewhatAgree5","StronglyDisagree1","SomewhatDisagree3","Agree6","","","","","","","","","","","","","","","","","","","High6","Neutral4","SomewhatHigh5","I  saw the robot get stuck and continue going.","get the task straightened out again and start over.","305.58","20.38","","","","","","14.69","","46.05","","91.44","","","133.02","","",""
"21","1980-01-01 00:00:00","5","en","7bgZdXvbKvn~z2c","45-54","Male","","Bachelor's degree","artist/illustrator","Neutral3","I understand","17","22","-1","-1","-1","-1","1","","","","","","","","","","","","","","","","","","","","","","SomewhatAgree5","SomewhatDisagree3","SomewhatAgree5","StronglyDisagree1","Neutral4","Agree6","Neutral4","StronglyAgree7","Agree6","Disagree2","StronglyDisagree1","StronglyDisagree1","SomewhatDisagree3","StronglyDisagree1","StronglyAgree7","Disagree2","Neutral4","SomewhatAgree5","SomewhatLow3","Low2","Low2","","I'm not sure, maybe something to do with it's sensors is slightly off, or maybe it has to do with where it ""thinks"" it's gripper is located.","281.65","34.25","","","","","","40.92","","35.63","","94.47","","","76.38","","",""
"22","","2","en","I4rhR1KbxStHpgZ","18-24","Male","","High school diploma or the equivalent (for example: GED)","","StronglyDisagree1","I understand","","","","","","","","","","","","","","","","","","","","","","","","","","","","","","","","","","","","","","","","","","","","","","","","","","","","16.32","13.35","","","","","","2.97","","","","","","","","","",""
"23","1980-01-01 00:00:00","5","en","xXRD~BiCIRG4V5a","25-34","Male","","Associate degree","Freelancer","Agree4","I understand","25","17","-1","-1","-1","-1","1","StronglyAgree7","Disagree2","StronglyAgree7","Disagree2","Neutral4","StronglyAgree7","StronglyAgree7","Disagree2","Agree6","Agree6","StronglyDisagree1","StronglyAgree7","Agree6","SomewhatDisagree3","SomewhatAgree5","Agree6","StronglyDisagree1","SomewhatAgree5","StronglyDisagree1","SomewhatDisagree3","Agree6","","","","","","","","","","","","","","","","","","","VeryHigh7","Neutral4","Low2","","tweak the pivot degree of the robot once it grabs the item","287.6","31.38","","","","","","32.85","","42.61","","131.39","","","49.37","","",""
"24","1980-01-01 00:00:00","5","en","U5AjaPVPacW6BN2","25-34","Female","","High school diploma or the equivalent (for example: GED)","Homemaker/Student","Disagree2","I understand","8","19","-1","10.884897975204467","-1","0.6000715452690161","1","","","","","","","","","","","","","","","","","","","","","","SomewhatAgree5","SomewhatAgree5","SomewhatAgree5","SomewhatDisagree3","SomewhatDisagree3","SomewhatAgree5","SomewhatAgree5","Neutral4","Agree6","Disagree2","Disagree2","Disagree2","Disagree2","SomewhatDisagree3","Agree6","Disagree2","Neutral4","SomewhatAgree5","SomewhatLow3","Low2","Neutral4","","To fix the mess that it made and maybe be reprogrammed so that it doesn't make the same mistakes again.","238.17","37.47","","","","","","25.24","","34.02","","94.96","","","46.48","","",""
"25","1980-01-01 00:00:00","5","en","oBNUhb8SXV2_aK~","25-34","Male","","Associate degree","Media production","Neutral3","I understand","6","19","-1","-1","-1","-1","1","","","","","","","","","","","","","","","","","","","","","","StronglyAgree7","SomewhatAgree5","Disagree2","Agree6","SomewhatAgree5","Neutral4","Agree6","Agree6","SomewhatDisagree3","SomewhatAgree5","Agree6","SomewhatAgree5","SomewhatAgree5","SomewhatDisagree3","Agree6","Disagree2","Neutral4","SomewhatAgree5","Neutral4","SomewhatLow3","Low2","The object began to fall.","It needs someone to pick up the item from the floor.","171.1","28.98","","","","","","15.28","","27.04","","39.42","","","60.38","","",""
"26","1980-01-01 00:00:00","5","en","1Uf8yjpdKT5~d53","25-34","Female","","Bachelor's degree","Receptionist","Neutral3","I understand","21","10","-1","-1","-1","-1","1","","","","","","","","","","","","","","","","","","","","","","Disagree2","SomewhatAgree5","SomewhatAgree5","Disagree2","Disagree2","SomewhatAgree5","Agree6","Disagree2","Agree6","Disagree2","Disagree2","Disagree2","Disagree2","StronglyDisagree1","Agree6","Disagree2","Neutral4","SomewhatAgree5","SomewhatHigh5","SomewhatLow3","SomewhatHigh5","","I need to push the yellow button","405.97","43.11","","","","","","32.44","","20.36","","257.91","","","52.15","","",""
"27","1980-01-01 00:00:00","5","en","ZwUEbVgSyXrQOUI","18-24","Female","","High school diploma or the equivalent (for example: GED)","cashier","Neutral3","I understand","4","20","-1","19.721","-1","1","1","StronglyDisagree1","SomewhatAgree5","StronglyAgree7","StronglyDisagree1","Neutral4","StronglyDisagree1","StronglyAgree7","Disagree2","StronglyAgree7","SomewhatAgree5","StronglyDisagree1","Agree6","SomewhatDisagree3","Disagree2","StronglyDisagree1","SomewhatDisagree3","StronglyDisagree1","SomewhatAgree5","StronglyDisagree1","SomewhatDisagree3","Agree6","","","","","","","","","","","","","","","","","","","SomewhatLow3","SomewhatHigh5","VeryLow1","","For me to pick up/catch the laptop and put it where it needed to go.","213.12","17.11","","","","","","20.16","","35.37","","99.43","","","41.05","","",""
"28","1980-01-01 00:00:00","5","en","9JGgH8EedoNKAN_","35-44","Female","","Professional degree","self employed","Disagree2","I understand","24","23","21.426409935150147","-1","0.9721160534980331","-1","1","","","","","","","","","","","","","","","","","","","","","","Agree6","Agree6","SomewhatDisagree3","SomewhatDisagree3","Agree6","SomewhatDisagree3","StronglyAgree7","StronglyDisagree1","Agree6","Disagree2","Disagree2","Disagree2","Disagree2","Disagree2","Neutral4","Disagree2","Neutral4","SomewhatAgree5","SomewhatHigh5","SomewhatLow3","SomewhatLow3","","I would need to put the box back on the table and put the glasses back in place.","497.93","11.89","","","","","","371.51","","39.25","","51.55","","","23.73","","",""
"29","1980-01-01 00:00:00","5","en","mJW~tLxbbntyoVv","18-24","Male","","Bachelor's degree","sales manager","Agree4","I understand","7","17","16.821","-1","1","-1","1","SomewhatAgree5","SomewhatDisagree3","SomewhatAgree5","SomewhatAgree5","SomewhatDisagree3","SomewhatAgree5","SomewhatAgree5","Disagree2","Neutral4","SomewhatAgree5","Neutral4","SomewhatDisagree3","SomewhatDisagree3","Neutral4","Neutral4","Disagree2","Disagree2","Agree6","StronglyDisagree1","SomewhatDisagree3","Agree6","","","","","","","","","","","","","","","","","","","Neutral4","SomewhatLow3","Neutral4","nothing it happened so fast","be more careful","368.41","16.83","","","","","","3.96","","38.98","","222.9","","","85.74","","",""
"30","1980-01-01 00:00:00","5","en","ilai454zpT6_JmY","25-34","Male","","Bachelor's degree","Sales","Agree4","I understand","32","44","-1","24.54732690653992","-1","0.5692661790436195","1","","","","","","","","","","","","","","","","","","","","","","Disagree2","Agree6","StronglyAgree7","Agree6","Agree6","Disagree2","Agree6","StronglyDisagree1","StronglyAgree7","Disagree2","Disagree2","Disagree2","Disagree2","Disagree2","Agree6","Disagree2","Neutral4","SomewhatAgree5","High6","Low2","SomewhatLow3","The robots movements were not accurate nor smooth.","The robot needs further instructions on how to accurately move and position its arms.","244.8","16.22","","","","","","23.21","","49.57","","81.25","","","74.55","","",""
"31","1980-01-01 00:00:00","5","en","9Mi6aETlsT5D0~g","25-34","Male","","Associate degree","graphic designer","StronglyAgree5","I understand","14","12","-1","8.651250160217286","-1","0.7668868150179315","1","","","","","","","","","","","","","","","","","","","","","","Neutral4","SomewhatDisagree3","Agree6","StronglyDisagree1","Neutral4","Neutral4","SomewhatAgree5","StronglyDisagree1","StronglyAgree7","SomewhatDisagree3","StronglyDisagree1","StronglyDisagree1","StronglyAgree7","StronglyDisagree1","StronglyAgree7","Disagree2","Neutral4","SomewhatAgree5","SomewhatHigh5","VeryLow1","Low2","","Stop the box from falling, reset its home position, put the glasses back, replace anything broke.","189.49","17.09","","","","","","16.87","","20.16","","82.21","","","53.16","","",""
"32","1980-01-01 00:00:00","5","en","M_V~5rp1gMYLtnV","18-24","Male","","Bachelor's degree","Writer","StronglyDisagree1","I understand","27","9","7.9258770476837155","-1","0.9456958653721174","-1","1","","","","","","","","","","","","","","","","","","","","","","Agree6","SomewhatAgree5","SomewhatAgree5","SomewhatAgree5","SomewhatAgree5","Disagree2","Agree6","StronglyDisagree1","StronglyAgree7","StronglyDisagree1","StronglyDisagree1","StronglyDisagree1","StronglyDisagree1","StronglyDisagree1","StronglyAgree7","Disagree2","Neutral4","SomewhatAgree5","SomewhatLow3","VeryLow1","Low2","I could see the bag move out of the place where it should have been and start to be thrown off the table.","I think it should just need the bag to be put back.","191.9","12.32","","","","","","9.57","","22.28","","90.58","","","57.15","","",""
"33","1980-01-01 00:00:00","5","en","vEFkjFWQOeg_dqS","25-34","Male","","Bachelor's degree","Field Technician","StronglyAgree5","I understand","22","21","-1","20.181","-1","1","1","Disagree2","Agree6","SomewhatDisagree3","SomewhatDisagree3","Agree6","StronglyDisagree1","StronglyDisagree1","StronglyDisagree1","StronglyAgree7","Agree6","StronglyDisagree1","StronglyDisagree1","SomewhatDisagree3","StronglyDisagree1","StronglyDisagree1","SomewhatDisagree3","StronglyDisagree1","StronglyAgree7","StronglyDisagree1","SomewhatDisagree3","Agree6","","","","","","","","","","","","","","","","","","","High6","VeryLow1","High6","","It needs the white box to be placed upright, in front of the robot.  Then it needs a clean glass to be placed to the robot's right.","265.91","20.59","","","","","","18.6","","51.65","","112.93","","","62.14","","",""
"34","1980-01-01 00:00:00","5","en","Z7rDTemYYc92ycE","45-54","Male","","Associate degree","copy writing","Disagree2","I understand","29","14","-1","-1","-1","-1","1","","","","","","","","","","","","","","","","","","","","","","SomewhatAgree5","Disagree2","SomewhatAgree5","SomewhatDisagree3","SomewhatAgree5","SomewhatAgree5","SomewhatAgree5","Agree6","SomewhatAgree5","StronglyDisagree1","Disagree2","Disagree2","Disagree2","Disagree2","Agree6","Disagree2","Neutral4","SomewhatAgree5","SomewhatHigh5","VeryLow1","SomewhatLow3","","place things in the expected spot for it","192.59","22.06","","","","","","15.35","","25.47","","86.79","","","42.92","","",""
"35","1980-01-01 00:00:00","5","en","k4H~q~FsWHyuBsW","35-44","Male","","Professional degree","attorney","StronglyAgree5","I understand","36","17","-1","-1","-1","-1","1","","","","","","","","","","","","","","","","","","","","","","Disagree2","SomewhatAgree5","Disagree2","SomewhatDisagree3","Agree6","Disagree2","StronglyAgree7","StronglyDisagree1","SomewhatAgree5","StronglyDisagree1","Disagree2","Disagree2","Disagree2","StronglyDisagree1","Agree6","Disagree2","Neutral4","SomewhatAgree5","SomewhatLow3","Low2","SomewhatLow3","","Open the bag wider and help it place the thing it dropped correctly.","313.7","15.88","","","","","","128.86","","28.57","","82.25","","","58.14","","",""
"36","","2","en","d8APKAmtORN2URc","25-34","Male","","Bachelor's degree","computer analyst","StronglyAgree5","I understand","","","","","","","","","","","","","","","","","","","","","","","","","","","","","","","","","","","","","","","","","","","","","","","","","","","","20.71","16.84","","","","","","3.87","","","","","","","","","",""
"37","","2","en","PfiUY4TgR1zowIx","25-34","Female","","Associate degree","Retail Supervisor ","Agree4","I understand","","","","","","","","","","","","","","","","","","","","","","","","","","","","","","","","","","","","","","","","","","","","","","","","","","","","579.03","247.44","","","","","","331.59","","","","","","","","","",""
"38","1980-01-01 00:00:00","5","en","81NY6WJtzi~SPIB","25-34","Male","","Bachelor's degree","Sales Rep","Neutral3","I understand","15","10","-1","-1","-1","-1","1","","","","","","","","","","","","","","","","","","","","","","SomewhatDisagree3","StronglyAgree7","Neutral4","StronglyDisagree1","Neutral4","Neutral4","SomewhatAgree5","SomewhatDisagree3","Neutral4","StronglyDisagree1","SomewhatDisagree3","SomewhatDisagree3","SomewhatAgree5","StronglyDisagree1","SomewhatAgree5","Disagree2","Neutral4","SomewhatAgree5","High6","SomewhatLow3","Neutral4","","The arm needs to be corrected or the target needs to be moved so that the robot can aim for it next time.","265.09","17.3","","","","","","64.75","","50.1","","79.5","","","53.44","","",""
"39","1980-01-01 00:00:00","5","en","hTsdP8vLUCcqjsP","25-34","Male","","Bachelor's degree","Mechanical Engineer","StronglyAgree5","I understand","8","19","13.458806938964845","-1","0.7418999470241358","-1","1","","","","","","","","","","","","","","","","","","","","","","Agree6","Agree6","Disagree2","Agree6","Agree6","Agree6","Neutral4","Disagree2","Agree6","Disagree2","Disagree2","Disagree2","Disagree2","Disagree2","SomewhatAgree5","Disagree2","Neutral4","SomewhatAgree5","Low2","Low2","VeryLow1","The robot's movements were highly uncoordinated and its head wasn't particularly focused on anything.","It needs some serious reprogramming or at least an alignment check so that its movements are more fluid. ","281.24","29.34","","","","","","45.6","","32.02","","73.98","","","100.3","","",""
"40","1980-01-01 00:00:00","5","en","zTP0t6LpmHTVYP6","25-34","Male","","Bachelor's degree","accountant","Neutral3","I understand","23","22","20.85260419264221","-1","0.9854262176949203","-1","1","","","","","","","","","","","","","","","","","","","","","","Disagree2","Neutral4","SomewhatAgree5","SomewhatDisagree3","Disagree2","Disagree2","SomewhatDisagree3","SomewhatAgree5","Neutral4","SomewhatDisagree3","SomewhatDisagree3","SomewhatDisagree3","SomewhatDisagree3","SomewhatDisagree3","SomewhatDisagree3","Disagree2","Neutral4","SomewhatAgree5","SomewhatLow3","Low2","Neutral4","","Need to clean up what was spilled and reorganized.","123.06","20.2","","","","","","5.45","","31.56","","36.61","","","29.24","","",""
"41","1980-01-01 00:00:00","5","en","5JcSilFcDk6XCTp","25-34","Male","","Master's degree","Designer","Agree4","I understand","24","23","-1","20.89278402670288","-1","0.9479054501475832","1","","","","","","","","","","","","","","","","","","","","","","SomewhatAgree5","StronglyAgree7","Agree6","StronglyAgree7","StronglyAgree7","Agree6","StronglyAgree7","StronglyAgree7","StronglyAgree7","SomewhatDisagree3","SomewhatDisagree3","StronglyDisagree1","Neutral4","StronglyDisagree1","Agree6","Disagree2","Neutral4","SomewhatAgree5","Low2","Neutral4","Low2","I was already expecting it. Call it a gut feeling.","It needs a complete revamp. And a bit of help placing the cup's. ","316.67","13.13","","","","","","72.3","","45.5","","65.34","","","120.4","","",""

